S.No,Date & Time,Type,Token,Amount,Token Running Balance,Address,Status
1,Mon Apr 04 2022 09:42:12 GMT+0530 (India Standard Time),Interest Payout,MATIC,0.00002006,7.972254268180493,TO: 0x76c444368e8ABB2Cb63528D38c3cce524Db93cD9,confirmed
2,Mon Apr 04 2022 09:42:09 GMT+0530 (India Standard Time),Interest Payout,UNI,0.00073765,3.84716514245452,TO: 0x76c444368e8ABB2Cb63528D38c3cce524Db93cD9,confirmed
3,Mon Apr 04 2022 09:42:09 GMT+0530 (India Standard Time),Interest Payout,AAVE,0.00003246,0.1693108579148324,TO: 0x76c444368e8ABB2Cb63528D38c3cce524Db93cD9,confirmed
4,Mon Apr 04 2022 09:38:25 GMT+0530 (India Standard Time),Interest Payout,USDT,0.001237,3675.594319,TO: 0x76c444368e8ABB2Cb63528D38c3cce524Db93cD9,confirmed
5,Mon Apr 04 2022 08:59:27 GMT+0530 (India Standard Time),Interest Payout,AXS,0.00001183,0.5520728832423977,TO: 0x76c444368e8ABB2Cb63528D38c3cce524Db93cD9,confirmed
6,Mon Apr 04 2022 08:59:27 GMT+0530 (India Standard Time),Interest Payout,SAND,0.00091996,9.5950037557084,TO: 0x76c444368e8ABB2Cb63528D38c3cce524Db93cD9,confirmed
7,Mon Apr 04 2022 08:15:00 GMT+0530 (India Standard Time),Interest Payout,MANA,0.00352418,18.38013890105229,TO: 0x76c444368e8ABB2Cb63528D38c3cce524Db93cD9,confirmed
8,Mon Apr 04 2022 08:15:00 GMT+0530 (India Standard Time),Interest Payout,ENJ,0.00451290,23.53674387036713,TO: 0x76c444368e8ABB2Cb63528D38c3cce524Db93cD9,confirmed
9,Mon Apr 04 2022 06:41:46 GMT+0530 (India Standard Time),Interest Payout,BNB,0.00002071,0.2160941909639893,TO: 0x76c444368e8ABB2Cb63528D38c3cce524Db93cD9,confirmed
10,Mon Apr 04 2022 06:41:02 GMT+0530 (India Standard Time),Interest Payout,ADA,0.008407,87.715797,TO: 0x76c444368e8ABB2Cb63528D38c3cce524Db93cD9,confirmed
11,Mon Apr 04 2022 06:40:59 GMT+0530 (India Standard Time),Interest Payout,SOL,0.000168,0.224889,TO: 0x76c444368e8ABB2Cb63528D38c3cce524Db93cD9,confirmed
12,Mon Apr 04 2022 06:40:59 GMT+0530 (India Standard Time),Interest Payout,DOT,0.01032534,4.6934774687,TO: 0x76c444368e8ABB2Cb63528D38c3cce524Db93cD9,confirmed
13,Mon Apr 04 2022 06:40:23 GMT+0530 (India Standard Time),Interest Payout,ETH,0.00002700,0.03132292332196047,TO: 0x76c444368e8ABB2Cb63528D38c3cce524Db93cD9,confirmed
14,Mon Apr 04 2022 06:40:18 GMT+0530 (India Standard Time),Interest Payout,BTC,0.00000189,0.00221847,TO: 3HzxvY6SiUo4ptR3LmkVAgGLUeSCWPJ5qk,confirmed
15,Mon Apr 04 2022 06:06:11 GMT+0530 (India Standard Time),Interest Payout,DOGE,0.02505028,261.26775134,TO: 0x76c444368e8ABB2Cb63528D38c3cce524Db93cD9,confirmed
16,Fri Apr 01 2022 08:08:27 GMT+0530 (India Standard Time),Interest Payout,USDT,12.450360,3675.593082,TO: 0x76c444368e8ABB2Cb63528D38c3cce524Db93cD9,confirmed
17,Wed Mar 30 2022 06:13:16 GMT+0530 (India Standard Time),Referral Bonus,USDT,0.061554,3663.142722,TO: 0x76c444368e8ABB2Cb63528D38c3cce524Db93cD9,confirmed
18,Tue Mar 29 2022 16:16:53 GMT+0530 (India Standard Time),Transfer,USDT,1.000000,3663.081168,TO: 0x3E3d436324E9CCe661D1B09Aeb184F5125EBb223,confirmed
19,Mon Mar 28 2022 09:31:18 GMT+0530 (India Standard Time),Interest Payout,MATIC,0.00002004,7.972234206569604,TO: 0x76c444368e8ABB2Cb63528D38c3cce524Db93cD9,confirmed
20,Mon Mar 28 2022 09:31:16 GMT+0530 (India Standard Time),Interest Payout,UNI,0.00073750,3.846427491634464,TO: 0x76c444368e8ABB2Cb63528D38c3cce524Db93cD9,confirmed
21,Mon Mar 28 2022 09:31:16 GMT+0530 (India Standard Time),Interest Payout,AAVE,0.00003245,0.16927839445445034,TO: 0x76c444368e8ABB2Cb63528D38c3cce524Db93cD9,confirmed
22,Mon Mar 28 2022 09:28:20 GMT+0530 (India Standard Time),Interest Payout,USDT,0.003020,3664.081168,TO: 0x76c444368e8ABB2Cb63528D38c3cce524Db93cD9,confirmed
23,Mon Mar 28 2022 08:55:53 GMT+0530 (India Standard Time),Interest Payout,AXS,0.00001178,0.5520610454472537,TO: 0x76c444368e8ABB2Cb63528D38c3cce524Db93cD9,confirmed
24,Mon Mar 28 2022 08:55:53 GMT+0530 (India Standard Time),Interest Payout,SAND,0.00091987,9.59408378767232,TO: 0x76c444368e8ABB2Cb63528D38c3cce524Db93cD9,confirmed
25,Mon Mar 28 2022 08:14:26 GMT+0530 (India Standard Time),Interest Payout,MANA,0.00352351,18.37661471531264,TO: 0x76c444368e8ABB2Cb63528D38c3cce524Db93cD9,confirmed
26,Mon Mar 28 2022 08:14:26 GMT+0530 (India Standard Time),Interest Payout,ENJ,0.00451204,23.53223096338899,TO: 0x76c444368e8ABB2Cb63528D38c3cce524Db93cD9,confirmed
27,Mon Mar 28 2022 08:04:35 GMT+0530 (India Standard Time),Referral Bonus,USDT,0.062539,3664.078148,TO: 0x76c444368e8ABB2Cb63528D38c3cce524Db93cD9,confirmed
28,Mon Mar 28 2022 06:41:10 GMT+0530 (India Standard Time),Interest Payout,BNB,0.00002071,0.21607347187376996,TO: 0x76c444368e8ABB2Cb63528D38c3cce524Db93cD9,confirmed
29,Mon Mar 28 2022 06:40:26 GMT+0530 (India Standard Time),Interest Payout,ADA,0.008407,87.70739,TO: 0x76c444368e8ABB2Cb63528D38c3cce524Db93cD9,confirmed
30,Mon Mar 28 2022 06:40:22 GMT+0530 (India Standard Time),Interest Payout,SOL,0.000168,0.224721,TO: 0x76c444368e8ABB2Cb63528D38c3cce524Db93cD9,confirmed
31,Mon Mar 28 2022 06:40:22 GMT+0530 (India Standard Time),Interest Payout,DOT,0.01030395,4.6831521199,TO: 0x76c444368e8ABB2Cb63528D38c3cce524Db93cD9,confirmed
32,Mon Mar 28 2022 06:39:43 GMT+0530 (India Standard Time),Interest Payout,ETH,0.00002698,0.031295917842723175,TO: 0x76c444368e8ABB2Cb63528D38c3cce524Db93cD9,confirmed
33,Mon Mar 28 2022 06:39:39 GMT+0530 (India Standard Time),Interest Payout,BTC,0.00000189,0.00221658,TO: 3HzxvY6SiUo4ptR3LmkVAgGLUeSCWPJ5qk,confirmed
34,Mon Mar 28 2022 06:19:24 GMT+0530 (India Standard Time),Referral Bonus,USDT,0.024471,3664.015609,TO: 0x76c444368e8ABB2Cb63528D38c3cce524Db93cD9,confirmed
35,Mon Mar 28 2022 06:04:36 GMT+0530 (India Standard Time),Interest Payout,DOGE,0.02504790,261.24270106,TO: 0x76c444368e8ABB2Cb63528D38c3cce524Db93cD9,confirmed
36,Tue Mar 22 2022 07:27:42 GMT+0530 (India Standard Time),Referral Bonus,USDT,0.012459,3663.991138,TO: 0x76c444368e8ABB2Cb63528D38c3cce524Db93cD9,confirmed
37,Tue Mar 22 2022 06:33:39 GMT+0530 (India Standard Time),Referral Bonus,USDT,0.012379,3663.978679,TO: 0x76c444368e8ABB2Cb63528D38c3cce524Db93cD9,confirmed
38,Mon Mar 21 2022 08:37:34 GMT+0530 (India Standard Time),Interest Payout,MATIC,0.00001645,7.972214159943673,TO: 0x76c444368e8ABB2Cb63528D38c3cce524Db93cD9,confirmed
39,Mon Mar 21 2022 08:37:31 GMT+0530 (India Standard Time),Interest Payout,UNI,0.00073734,3.845689982250136,TO: 0x76c444368e8ABB2Cb63528D38c3cce524Db93cD9,confirmed
40,Mon Mar 21 2022 08:37:31 GMT+0530 (India Standard Time),Interest Payout,AAVE,0.00003245,0.1692459372185488,TO: 0x76c444368e8ABB2Cb63528D38c3cce524Db93cD9,confirmed
41,Mon Mar 21 2022 08:34:48 GMT+0530 (India Standard Time),Interest Payout,USDT,0.002602,3663.9663,TO: 0x76c444368e8ABB2Cb63528D38c3cce524Db93cD9,confirmed
42,Mon Mar 21 2022 08:04:56 GMT+0530 (India Standard Time),Interest Payout,AXS,0.00001006,0.5520492607645785,TO: 0x76c444368e8ABB2Cb63528D38c3cce524Db93cD9,confirmed
43,Mon Mar 21 2022 08:04:56 GMT+0530 (India Standard Time),Interest Payout,SAND,0.00091977,9.593163907842513,TO: 0x76c444368e8ABB2Cb63528D38c3cce524Db93cD9,confirmed
44,Mon Mar 21 2022 07:30:49 GMT+0530 (India Standard Time),Interest Payout,MANA,0.00352273,18.37309120529349,TO: 0x76c444368e8ABB2Cb63528D38c3cce524Db93cD9,confirmed
45,Mon Mar 21 2022 07:30:49 GMT+0530 (India Standard Time),Interest Payout,ENJ,0.00451105,23.52771892170683,TO: 0x76c444368e8ABB2Cb63528D38c3cce524Db93cD9,confirmed
46,Mon Mar 21 2022 06:18:26 GMT+0530 (India Standard Time),Interest Payout,BNB,0.00002071,0.21605275477008054,TO: 0x76c444368e8ABB2Cb63528D38c3cce524Db93cD9,confirmed
47,Mon Mar 21 2022 06:17:51 GMT+0530 (India Standard Time),Interest Payout,ADA,0.008406,87.698983,TO: 0x76c444368e8ABB2Cb63528D38c3cce524Db93cD9,confirmed
48,Mon Mar 21 2022 06:17:49 GMT+0530 (India Standard Time),Interest Payout,SOL,0.000168,0.224553,TO: 0x76c444368e8ABB2Cb63528D38c3cce524Db93cD9,confirmed
49,Mon Mar 21 2022 06:17:49 GMT+0530 (India Standard Time),Interest Payout,DOT,0.00607317,4.672848163,TO: 0x76c444368e8ABB2Cb63528D38c3cce524Db93cD9,confirmed
50,Mon Mar 21 2022 06:17:19 GMT+0530 (India Standard Time),Interest Payout,ETH,0.00002695,0.03126893564621457,TO: 0x76c444368e8ABB2Cb63528D38c3cce524Db93cD9,confirmed
51,Mon Mar 21 2022 06:17:14 GMT+0530 (India Standard Time),Interest Payout,BTC,0.00000189,0.00221469,TO: 3HzxvY6SiUo4ptR3LmkVAgGLUeSCWPJ5qk,confirmed
52,Mon Mar 21 2022 05:50:28 GMT+0530 (India Standard Time),Interest Payout,DOGE,0.02503964,261.21765316,TO: 0x76c444368e8ABB2Cb63528D38c3cce524Db93cD9,confirmed
53,Wed Mar 16 2022 06:24:35 GMT+0530 (India Standard Time),Interest Payout,USDT,11.018730,3663.963698,TO: 0x76c444368e8ABB2Cb63528D38c3cce524Db93cD9,confirmed
54,Tue Mar 15 2022 05:00:27 GMT+0530 (India Standard Time),Referral Bonus,USDT,0.031344,3652.944968,TO: 0x76c444368e8ABB2Cb63528D38c3cce524Db93cD9,confirmed
55,Mon Mar 14 2022 09:22:54 GMT+0530 (India Standard Time),Interest Payout,MATIC,0.02611810,7.972197701961288,TO: 0x76c444368e8ABB2Cb63528D38c3cce524Db93cD9,confirmed
56,Mon Mar 14 2022 09:22:52 GMT+0530 (India Standard Time),Interest Payout,UNI,0.00147419,3.8449526344624507,TO: 0x76c444368e8ABB2Cb63528D38c3cce524Db93cD9,confirmed
57,Mon Mar 14 2022 09:22:52 GMT+0530 (India Standard Time),Interest Payout,AAVE,0.00006487,0.16921348709439454,TO: 0x76c444368e8ABB2Cb63528D38c3cce524Db93cD9,confirmed
58,Mon Mar 14 2022 09:19:23 GMT+0530 (India Standard Time),Interest Payout,USDT,0.004992,3652.913624,TO: 0x76c444368e8ABB2Cb63528D38c3cce524Db93cD9,confirmed
59,Mon Mar 14 2022 08:41:59 GMT+0530 (India Standard Time),Interest Payout,AXS,0.00255172,0.5520391936477896,TO: 0x76c444368e8ABB2Cb63528D38c3cce524Db93cD9,confirmed
60,Mon Mar 14 2022 08:41:59 GMT+0530 (India Standard Time),Interest Payout,SAND,0.00183924,9.592244128806096,TO: 0x76c444368e8ABB2Cb63528D38c3cce524Db93cD9,confirmed
61,Mon Mar 14 2022 08:01:19 GMT+0530 (India Standard Time),Interest Payout,MANA,0.00704306,18.36956846731521,TO: 0x76c444368e8ABB2Cb63528D38c3cce524Db93cD9,confirmed
62,Mon Mar 14 2022 08:01:19 GMT+0530 (India Standard Time),Interest Payout,ENJ,0.00901901,23.523207868664,TO: 0x76c444368e8ABB2Cb63528D38c3cce524Db93cD9,confirmed
63,Mon Mar 14 2022 06:34:35 GMT+0530 (India Standard Time),Interest Payout,BNB,0.00009761,0.21603204070609766,TO: 0x76c444368e8ABB2Cb63528D38c3cce524Db93cD9,confirmed
64,Mon Mar 14 2022 06:33:55 GMT+0530 (India Standard Time),Interest Payout,ADA,0.039600,87.690577,TO: 0x76c444368e8ABB2Cb63528D38c3cce524Db93cD9,confirmed
65,Mon Mar 14 2022 06:33:51 GMT+0530 (India Standard Time),Interest Payout,SOL,0.000183,0.224385,TO: 0x76c444368e8ABB2Cb63528D38c3cce524Db93cD9,confirmed
66,Mon Mar 14 2022 06:33:51 GMT+0530 (India Standard Time),Interest Payout,DOT,0.00210868,4.6667749919,TO: 0x76c444368e8ABB2Cb63528D38c3cce524Db93cD9,confirmed
67,Mon Mar 14 2022 06:33:16 GMT+0530 (India Standard Time),Interest Payout,ETH,0.00005382,0.031241980025844374,TO: 0x76c444368e8ABB2Cb63528D38c3cce524Db93cD9,confirmed
68,Mon Mar 14 2022 06:33:11 GMT+0530 (India Standard Time),Interest Payout,BTC,0.00000378,0.0022128,TO: 3HzxvY6SiUo4ptR3LmkVAgGLUeSCWPJ5qk,confirmed
69,Mon Mar 14 2022 06:01:23 GMT+0530 (India Standard Time),Interest Payout,DOGE,0.45361352,261.19261352,TO: 0x76c444368e8ABB2Cb63528D38c3cce524Db93cD9,confirmed
70,Sun Mar 13 2022 05:10:59 GMT+0530 (India Standard Time),Referral Bonus,USDT,0.030942,3652.908632,TO: 0x76c444368e8ABB2Cb63528D38c3cce524Db93cD9,confirmed
71,Mon Mar 07 2022 06:28:57 GMT+0530 (India Standard Time),Interest Payout,SHIB,4168.64061123,5076014.717611232,TO: 0x76c444368e8ABB2Cb63528D38c3cce524Db93cD9,confirmed
72,Mon Mar 07 2022 06:28:56 GMT+0530 (India Standard Time),Interest Payout,USDT,12.422460,3652.87769,TO: 0x76c444368e8ABB2Cb63528D38c3cce524Db93cD9,confirmed
73,Thu Mar 03 2022 05:29:06 GMT+0530 (India Standard Time),Interest Payout,USDT,12.328740,3640.45523,TO: 0x76c444368e8ABB2Cb63528D38c3cce524Db93cD9,confirmed
74,Tue Mar 01 2022 00:02:45 GMT+0530 (India Standard Time),Interest Payout,MATIC,0.01823891,7.946079600995771,TO: 0x76c444368e8ABB2Cb63528D38c3cce524Db93cD9,confirmed
75,Tue Mar 01 2022 00:02:43 GMT+0530 (India Standard Time),Interest Payout,UNI,0.00073694,3.8434784437427667,TO: 0x76c444368e8ABB2Cb63528D38c3cce524Db93cD9,confirmed
76,Tue Mar 01 2022 00:02:43 GMT+0530 (India Standard Time),Interest Payout,AAVE,0.00003243,0.16914860906440685,TO: 0x76c444368e8ABB2Cb63528D38c3cce524Db93cD9,confirmed
77,Mon Feb 28 2022 23:58:39 GMT+0530 (India Standard Time),Interest Payout,USDT,0.002315,3628.12649,TO: 0x76c444368e8ABB2Cb63528D38c3cce524Db93cD9,confirmed
78,Mon Feb 28 2022 23:15:46 GMT+0530 (India Standard Time),Interest Payout,AXS,0.00005268,0.5494874648963491,TO: 0x76c444368e8ABB2Cb63528D38c3cce524Db93cD9,confirmed
79,Mon Feb 28 2022 23:15:46 GMT+0530 (India Standard Time),Interest Payout,SAND,0.00091952,9.590404885670859,TO: 0x76c444368e8ABB2Cb63528D38c3cce524Db93cD9,confirmed
80,Mon Feb 28 2022 22:33:02 GMT+0530 (India Standard Time),Interest Payout,MANA,0.00352080,18.36252540334704,TO: 0x76c444368e8ABB2Cb63528D38c3cce524Db93cD9,confirmed
81,Mon Feb 28 2022 22:33:02 GMT+0530 (India Standard Time),Interest Payout,ENJ,0.00450858,23.514188851257554,TO: 0x76c444368e8ABB2Cb63528D38c3cce524Db93cD9,confirmed
82,Mon Feb 28 2022 21:10:59 GMT+0530 (India Standard Time),Interest Payout,ETH,0.00002688,0.03118815173659433,TO: 0x76c444368e8ABB2Cb63528D38c3cce524Db93cD9,confirmed
83,Mon Feb 28 2022 21:10:55 GMT+0530 (India Standard Time),Interest Payout,BTC,0.00000189,0.00220902,TO: 3HzxvY6SiUo4ptR3LmkVAgGLUeSCWPJ5qk,confirmed
84,Sun Feb 27 2022 05:58:51 GMT+0530 (India Standard Time),Referral Bonus,USDT,0.060952,3628.124175,TO: 0x76c444368e8ABB2Cb63528D38c3cce524Db93cD9,confirmed
85,Sat Feb 26 2022 16:03:31 GMT+0530 (India Standard Time),Referral Bonus,USDT,0.025376,3628.063223,TO: 0x76c444368e8ABB2Cb63528D38c3cce524Db93cD9,confirmed
86,Fri Feb 25 2022 06:10:42 GMT+0530 (India Standard Time),Referral Bonus,USDT,0.024232,3628.037847,TO: 0x76c444368e8ABB2Cb63528D38c3cce524Db93cD9,confirmed
87,Mon Feb 21 2022 08:33:49 GMT+0530 (India Standard Time),Interest Payout,MATIC,0.01819874,7.927840690500572,TO: 0x76c444368e8ABB2Cb63528D38c3cce524Db93cD9,confirmed
88,Mon Feb 21 2022 08:33:46 GMT+0530 (India Standard Time),Interest Payout,UNI,0.00073680,3.8427414998060865,TO: 0x76c444368e8ABB2Cb63528D38c3cce524Db93cD9,confirmed
89,Mon Feb 21 2022 08:33:46 GMT+0530 (India Standard Time),Interest Payout,AAVE,0.00003242,0.169116176713433,TO: 0x76c444368e8ABB2Cb63528D38c3cce524Db93cD9,confirmed
90,Mon Feb 21 2022 08:29:55 GMT+0530 (India Standard Time),Interest Payout,USDT,0.002259,3628.013615,TO: 0x76c444368e8ABB2Cb63528D38c3cce524Db93cD9,confirmed
91,Mon Feb 21 2022 07:53:55 GMT+0530 (India Standard Time),Interest Payout,AXS,0.00005267,0.5494347800911314,TO: 0x76c444368e8ABB2Cb63528D38c3cce524Db93cD9,confirmed
92,Mon Feb 21 2022 07:53:55 GMT+0530 (India Standard Time),Interest Payout,SAND,0.00091943,9.589485358573993,TO: 0x76c444368e8ABB2Cb63528D38c3cce524Db93cD9,confirmed
93,Mon Feb 21 2022 07:17:34 GMT+0530 (India Standard Time),Interest Payout,MANA,0.00352013,18.359004594798268,TO: 0x76c444368e8ABB2Cb63528D38c3cce524Db93cD9,confirmed
94,Mon Feb 21 2022 07:17:34 GMT+0530 (India Standard Time),Interest Payout,ENJ,0.00450771,23.509680268951666,TO: 0x76c444368e8ABB2Cb63528D38c3cce524Db93cD9,confirmed
95,Mon Feb 21 2022 06:07:37 GMT+0530 (India Standard Time),Interest Payout,ETH,0.00002686,0.03116126245249027,TO: 0x76c444368e8ABB2Cb63528D38c3cce524Db93cD9,confirmed
96,Mon Feb 21 2022 06:07:33 GMT+0530 (India Standard Time),Interest Payout,BTC,0.00000189,0.00220713,TO: 3HzxvY6SiUo4ptR3LmkVAgGLUeSCWPJ5qk,confirmed
97,Sat Feb 19 2022 14:53:55 GMT+0530 (India Standard Time),Referral Bonus,USDT,0.012336,3628.011356,TO: 0x76c444368e8ABB2Cb63528D38c3cce524Db93cD9,confirmed
98,Sat Feb 19 2022 13:45:19 GMT+0530 (India Standard Time),Referral Bonus,USDT,0.012259,3627.99902,TO: 0x76c444368e8ABB2Cb63528D38c3cce524Db93cD9,confirmed
99,Tue Feb 15 2022 04:42:08 GMT+0530 (India Standard Time),Interest Payout,USDT,10.911120,3627.986761,TO: 0x76c444368e8ABB2Cb63528D38c3cce524Db93cD9,confirmed
100,Mon Feb 14 2022 08:32:44 GMT+0530 (India Standard Time),Interest Payout,MATIC,0.01298081,7.909641946562015,TO: 0x76c444368e8ABB2Cb63528D38c3cce524Db93cD9,confirmed
101,Mon Feb 14 2022 08:32:41 GMT+0530 (India Standard Time),Interest Payout,UNI,0.00047423,3.842004689981501,TO: 0x76c444368e8ABB2Cb63528D38c3cce524Db93cD9,confirmed
102,Mon Feb 14 2022 08:32:41 GMT+0530 (India Standard Time),Interest Payout,AAVE,0.00002088,0.16908375026506434,TO: 0x76c444368e8ABB2Cb63528D38c3cce524Db93cD9,confirmed
103,Mon Feb 14 2022 08:28:32 GMT+0530 (India Standard Time),Interest Payout,USDT,0.001867,3617.075641,TO: 0x76c444368e8ABB2Cb63528D38c3cce524Db93cD9,confirmed
104,Mon Feb 14 2022 07:51:20 GMT+0530 (India Standard Time),Interest Payout,AXS,0.00005267,0.549382100337328,TO: 0x76c444368e8ABB2Cb63528D38c3cce524Db93cD9,confirmed
105,Mon Feb 14 2022 07:51:20 GMT+0530 (India Standard Time),Interest Payout,SAND,0.00091935,9.5885659196413,TO: 0x76c444368e8ABB2Cb63528D38c3cce524Db93cD9,confirmed
106,Mon Feb 14 2022 07:14:19 GMT+0530 (India Standard Time),Interest Payout,MANA,0.00351945,18.355484461325098,TO: 0x76c444368e8ABB2Cb63528D38c3cce524Db93cD9,confirmed
107,Mon Feb 14 2022 07:14:19 GMT+0530 (India Standard Time),Interest Payout,ENJ,0.00450685,23.50517255111593,TO: 0x76c444368e8ABB2Cb63528D38c3cce524Db93cD9,confirmed
108,Mon Feb 14 2022 06:05:20 GMT+0530 (India Standard Time),Interest Payout,ETH,0.00002684,0.031134396351343817,TO: 0x76c444368e8ABB2Cb63528D38c3cce524Db93cD9,confirmed
109,Mon Feb 14 2022 06:05:17 GMT+0530 (India Standard Time),Interest Payout,BTC,0.00000189,0.00220524,TO: 3HzxvY6SiUo4ptR3LmkVAgGLUeSCWPJ5qk,confirmed
110,Sun Feb 13 2022 04:55:49 GMT+0530 (India Standard Time),Referral Bonus,USDT,0.031038,3617.073774,TO: 0x76c444368e8ABB2Cb63528D38c3cce524Db93cD9,confirmed
111,Fri Feb 11 2022 04:46:53 GMT+0530 (India Standard Time),Referral Bonus,USDT,0.030640,3617.042736,TO: 0x76c444368e8ABB2Cb63528D38c3cce524Db93cD9,confirmed
112,Wed Feb 09 2022 07:00:23 GMT+0530 (India Standard Time),AIP Credit,UNI,1.89816613,3.84153045748416,TO: 0x76c444368e8ABB2Cb63528D38c3cce524Db93cD9,confirmed
113,Wed Feb 09 2022 07:00:23 GMT+0530 (India Standard Time),AIP Credit,AAVE,0.08296072,0.1690628638651244,TO: 0x76c444368e8ABB2Cb63528D38c3cce524Db93cD9,confirmed
114,Tue Feb 08 2022 20:00:35 GMT+0530 (India Standard Time),AIP Credit,MATIC,7.89666113,7.89666113373943,TO: 0x76c444368e8ABB2Cb63528D38c3cce524Db93cD9,confirmed
115,Tue Feb 08 2022 20:00:35 GMT+0530 (India Standard Time),AIP Credit,SOL,0.134292,0.224202,TO: 0x76c444368e8ABB2Cb63528D38c3cce524Db93cD9,confirmed
116,Tue Feb 08 2022 20:00:35 GMT+0530 (India Standard Time),AIP Credit,BNB,0.03609902,0.2159344265132903,TO: 0x76c444368e8ABB2Cb63528D38c3cce524Db93cD9,confirmed
117,Tue Feb 08 2022 20:00:35 GMT+0530 (India Standard Time),AIP Credit,DOT,0.70388065,4.6646663084,TO: 0x76c444368e8ABB2Cb63528D38c3cce524Db93cD9,confirmed
118,Tue Feb 08 2022 20:00:34 GMT+0530 (India Standard Time),AIP Credit,ADA,12.827063,87.650977,TO: 0x76c444368e8ABB2Cb63528D38c3cce524Db93cD9,confirmed
119,Tue Feb 08 2022 18:50:39 GMT+0530 (India Standard Time),AIP Credit,UNI,1.94336432,1.94336432300357,TO: 0x76c444368e8ABB2Cb63528D38c3cce524Db93cD9,confirmed
120,Tue Feb 08 2022 18:50:39 GMT+0530 (India Standard Time),AIP Credit,AAVE,0.08610214,0.0861021423472259,TO: 0x76c444368e8ABB2Cb63528D38c3cce524Db93cD9,confirmed
121,Mon Feb 07 2022 08:07:42 GMT+0530 (India Standard Time),Interest Payout,AXS,0.00005266,0.549329425634455,TO: 0x76c444368e8ABB2Cb63528D38c3cce524Db93cD9,confirmed
122,Mon Feb 07 2022 08:07:42 GMT+0530 (India Standard Time),Interest Payout,SAND,0.00091926,9.587646568864335,TO: 0x76c444368e8ABB2Cb63528D38c3cce524Db93cD9,confirmed
123,Mon Feb 07 2022 07:55:19 GMT+0530 (India Standard Time),Interest Payout,USDT,1.243052,3617.012096,TO: 0x76c444368e8ABB2Cb63528D38c3cce524Db93cD9,confirmed
124,Mon Feb 07 2022 07:25:15 GMT+0530 (India Standard Time),Interest Payout,MANA,0.00351878,18.35196500279825,TO: 0x76c444368e8ABB2Cb63528D38c3cce524Db93cD9,confirmed
125,Mon Feb 07 2022 07:25:15 GMT+0530 (India Standard Time),Interest Payout,ENJ,0.00450599,23.50066569758481,TO: 0x76c444368e8ABB2Cb63528D38c3cce524Db93cD9,confirmed
126,Mon Feb 07 2022 06:11:13 GMT+0530 (India Standard Time),Interest Payout,ETH,0.00002681,0.031107553413185253,TO: 0x76c444368e8ABB2Cb63528D38c3cce524Db93cD9,confirmed
127,Mon Feb 07 2022 06:11:09 GMT+0530 (India Standard Time),Interest Payout,BTC,0.00000189,0.00220335,TO: 3HzxvY6SiUo4ptR3LmkVAgGLUeSCWPJ5qk,confirmed
128,Tue Feb 01 2022 14:29:11 GMT+0530 (India Standard Time),Exchange Credit,USDT,719.389900,3615.769044,TO: 0x76c444368e8ABB2Cb63528D38c3cce524Db93cD9,confirmed
129,Tue Feb 01 2022 14:28:09 GMT+0530 (India Standard Time),Exchange Credit,USDT,90.643200,2896.379144,TO: 0x76c444368e8ABB2Cb63528D38c3cce524Db93cD9,confirmed
130,Tue Feb 01 2022 14:27:53 GMT+0530 (India Standard Time),Exchange Credit,USDT,14.440400,2805.735944,TO: 0x76c444368e8ABB2Cb63528D38c3cce524Db93cD9,confirmed
131,Tue Feb 01 2022 14:27:13 GMT+0530 (India Standard Time),Exchange Credit,USDT,0.140800,2791.295544,TO: 0x76c444368e8ABB2Cb63528D38c3cce524Db93cD9,confirmed
132,Tue Feb 01 2022 14:25:52 GMT+0530 (India Standard Time),Exchange Credit,USDT,125.766200,2791.154744,TO: 0x76c444368e8ABB2Cb63528D38c3cce524Db93cD9,confirmed
133,Tue Feb 01 2022 14:25:27 GMT+0530 (India Standard Time),Exchange Credit,USDT,307.479500,2665.388544,TO: 0x76c444368e8ABB2Cb63528D38c3cce524Db93cD9,confirmed
134,Mon Jan 31 2022 21:36:12 GMT+0530 (India Standard Time),Exchange Credit,USDT,1250.000000,2357.909044,TO: 0x76c444368e8ABB2Cb63528D38c3cce524Db93cD9,confirmed
135,Mon Jan 31 2022 07:23:21 GMT+0530 (India Standard Time),Interest Payout,AXS,0.00004839,0.5492767559235407,TO: 0x76c444368e8ABB2Cb63528D38c3cce524Db93cD9,confirmed
136,Mon Jan 31 2022 07:23:21 GMT+0530 (India Standard Time),Interest Payout,SAND,0.00084502,9.586727305218933,TO: 0x76c444368e8ABB2Cb63528D38c3cce524Db93cD9,confirmed
137,Mon Jan 31 2022 07:14:10 GMT+0530 (India Standard Time),Interest Payout,USDT,0.002827,1107.909044,TO: 0x76c444368e8ABB2Cb63528D38c3cce524Db93cD9,confirmed
138,Mon Jan 31 2022 06:51:36 GMT+0530 (India Standard Time),Interest Payout,MANA,0.00330012,18.34844621311702,TO: 0x76c444368e8ABB2Cb63528D38c3cce524Db93cD9,confirmed
139,Mon Jan 31 2022 06:51:36 GMT+0530 (India Standard Time),Interest Payout,ENJ,0.00421819,23.496159700332683,TO: 0x76c444368e8ABB2Cb63528D38c3cce524Db93cD9,confirmed
140,Mon Jan 31 2022 05:53:18 GMT+0530 (India Standard Time),Interest Payout,ETH,0.00002562,0.03108073347371988,TO: 0x76c444368e8ABB2Cb63528D38c3cce524Db93cD9,confirmed
141,Mon Jan 31 2022 05:53:15 GMT+0530 (India Standard Time),Interest Payout,BTC,0.00000181,0.00220146,TO: 3HzxvY6SiUo4ptR3LmkVAgGLUeSCWPJ5qk,confirmed
142,Mon Jan 24 2022 15:41:02 GMT+0530 (India Standard Time),AIP Credit,DOT,1.32446938,3.9607856503,TO: 0x76c444368e8ABB2Cb63528D38c3cce524Db93cD9,confirmed
143,Mon Jan 24 2022 15:41:02 GMT+0530 (India Standard Time),AIP Credit,ADA,21.901617,74.823914,TO: 0x76c444368e8ABB2Cb63528D38c3cce524Db93cD9,confirmed
144,Mon Jan 24 2022 15:41:02 GMT+0530 (India Standard Time),AIP Credit,BNB,0.06273802,0.17983540418762442,TO: 0x76c444368e8ABB2Cb63528D38c3cce524Db93cD9,confirmed
145,Mon Jan 24 2022 15:41:02 GMT+0530 (India Standard Time),AIP Credit,ETH,0.00952148,0.03105510815462466,TO: 0x76c444368e8ABB2Cb63528D38c3cce524Db93cD9,confirmed
146,Mon Jan 24 2022 15:41:02 GMT+0530 (India Standard Time),AIP Credit,BTC,0.00064106,0.00219965,TO: 3HzxvY6SiUo4ptR3LmkVAgGLUeSCWPJ5qk,confirmed
147,Mon Jan 24 2022 14:50:40 GMT+0530 (India Standard Time),AIP Credit,AXS,0.31177751,0.5492283612042093,TO: 0x76c444368e8ABB2Cb63528D38c3cce524Db93cD9,confirmed
148,Mon Jan 24 2022 14:50:40 GMT+0530 (India Standard Time),AIP Credit,SAND,5.41443982,9.585882283001526,TO: 0x76c444368e8ABB2Cb63528D38c3cce524Db93cD9,confirmed
149,Mon Jan 24 2022 14:50:40 GMT+0530 (India Standard Time),AIP Credit,MANA,7.96024214,18.345146086164164,TO: 0x76c444368e8ABB2Cb63528D38c3cce524Db93cD9,confirmed
150,Mon Jan 24 2022 14:50:40 GMT+0530 (India Standard Time),AIP Credit,ENJ,10.47787458,23.49194150068939,TO: 0x76c444368e8ABB2Cb63528D38c3cce524Db93cD9,confirmed
151,Mon Jan 24 2022 08:06:33 GMT+0530 (India Standard Time),Interest Payout,AXS,0.00000650,0.23745084929273727,TO: 0x76c444368e8ABB2Cb63528D38c3cce524Db93cD9,confirmed
152,Mon Jan 24 2022 08:06:33 GMT+0530 (India Standard Time),Interest Payout,SAND,0.00011428,4.171442455686476,TO: 0x76c444368e8ABB2Cb63528D38c3cce524Db93cD9,confirmed
153,Mon Jan 24 2022 07:53:46 GMT+0530 (India Standard Time),Interest Payout,USDT,0.002418,1107.906217,TO: 0x76c444368e8ABB2Cb63528D38c3cce524Db93cD9,confirmed
154,Mon Jan 24 2022 07:23:47 GMT+0530 (India Standard Time),Interest Payout,MANA,0.00114668,10.384903942474535,TO: 0x76c444368e8ABB2Cb63528D38c3cce524Db93cD9,confirmed
155,Mon Jan 24 2022 07:23:47 GMT+0530 (India Standard Time),Interest Payout,ENJ,0.00142893,13.014066910726687,TO: 0x76c444368e8ABB2Cb63528D38c3cce524Db93cD9,confirmed
156,Mon Jan 24 2022 06:10:13 GMT+0530 (India Standard Time),Interest Payout,ETH,0.00001446,0.0215336218733796,TO: 0x76c444368e8ABB2Cb63528D38c3cce524Db93cD9,confirmed
157,Mon Jan 24 2022 06:10:10 GMT+0530 (India Standard Time),Interest Payout,BTC,0.00000103,0.00155859,TO: 3HzxvY6SiUo4ptR3LmkVAgGLUeSCWPJ5qk,confirmed
158,Fri Jan 21 2022 18:05:56 GMT+0530 (India Standard Time),AIP Credit,DOT,0.85930999,2.6363162688,TO: 0x76c444368e8ABB2Cb63528D38c3cce524Db93cD9,confirmed
159,Fri Jan 21 2022 18:05:56 GMT+0530 (India Standard Time),AIP Credit,ADA,15.682589,52.922297,TO: 0x76c444368e8ABB2Cb63528D38c3cce524Db93cD9,confirmed
160,Fri Jan 21 2022 18:05:56 GMT+0530 (India Standard Time),AIP Credit,BNB,0.04451176,0.11709738084876661,TO: 0x76c444368e8ABB2Cb63528D38c3cce524Db93cD9,confirmed
161,Fri Jan 21 2022 18:05:56 GMT+0530 (India Standard Time),AIP Credit,ETH,0.00666634,0.021519161511292455,TO: 0x76c444368e8ABB2Cb63528D38c3cce524Db93cD9,confirmed
162,Fri Jan 21 2022 18:05:56 GMT+0530 (India Standard Time),AIP Credit,BTC,0.00048503,0.00155756,TO: 3HzxvY6SiUo4ptR3LmkVAgGLUeSCWPJ5qk,confirmed
163,Fri Jan 21 2022 08:50:41 GMT+0530 (India Standard Time),AIP Credit,AXS,0.23744434,0.237444343968245,TO: 0x76c444368e8ABB2Cb63528D38c3cce524Db93cD9,confirmed
164,Fri Jan 21 2022 08:50:41 GMT+0530 (India Standard Time),AIP Credit,SAND,4.17132817,4.17132817272284,TO: 0x76c444368e8ABB2Cb63528D38c3cce524Db93cD9,confirmed
165,Fri Jan 21 2022 08:50:40 GMT+0530 (India Standard Time),AIP Credit,MANA,6.16633281,10.38375726225151,TO: 0x76c444368e8ABB2Cb63528D38c3cce524Db93cD9,confirmed
166,Fri Jan 21 2022 08:50:40 GMT+0530 (India Standard Time),AIP Credit,ENJ,7.78627016,13.012637976126625,TO: 0x76c444368e8ABB2Cb63528D38c3cce524Db93cD9,confirmed
167,Mon Jan 17 2022 07:38:12 GMT+0530 (India Standard Time),Interest Payout,MANA,0.00080864,4.21742445196109,TO: 0x76c444368e8ABB2Cb63528D38c3cce524Db93cD9,confirmed
168,Mon Jan 17 2022 07:38:12 GMT+0530 (India Standard Time),Interest Payout,ENJ,0.00100209,5.226367809508785,TO: 0x76c444368e8ABB2Cb63528D38c3cce524Db93cD9,confirmed
169,Mon Jan 17 2022 06:17:01 GMT+0530 (India Standard Time),Interest Payout,ETH,0.00001280,0.014852817225813376,TO: 0x76c444368e8ABB2Cb63528D38c3cce524Db93cD9,confirmed
170,Mon Jan 17 2022 06:16:58 GMT+0530 (India Standard Time),Interest Payout,BTC,0.00000091,0.00107253,TO: 3HzxvY6SiUo4ptR3LmkVAgGLUeSCWPJ5qk,confirmed
171,Mon Jan 17 2022 05:44:39 GMT+0530 (India Standard Time),Interest Payout,USDT,1.636186,1107.903799,TO: 0x76c444368e8ABB2Cb63528D38c3cce524Db93cD9,confirmed
172,Thu Jan 13 2022 17:31:39 GMT+0530 (India Standard Time),Referral Bonus,USDT,0.012594,1106.267613,TO: 0x76c444368e8ABB2Cb63528D38c3cce524Db93cD9,confirmed
173,Mon Jan 10 2022 07:31:28 GMT+0530 (India Standard Time),Interest Payout,MANA,0.00080849,4.21661580806626,TO: 0x76c444368e8ABB2Cb63528D38c3cce524Db93cD9,confirmed
174,Mon Jan 10 2022 07:31:28 GMT+0530 (India Standard Time),Interest Payout,ENJ,0.00100191,5.225365712027388,TO: 0x76c444368e8ABB2Cb63528D38c3cce524Db93cD9,confirmed
175,Mon Jan 10 2022 06:12:56 GMT+0530 (India Standard Time),Interest Payout,ETH,0.00001279,0.014840011669885193,TO: 0x76c444368e8ABB2Cb63528D38c3cce524Db93cD9,confirmed
176,Mon Jan 10 2022 06:12:53 GMT+0530 (India Standard Time),Interest Payout,BTC,0.00000091,0.00107162,TO: 3HzxvY6SiUo4ptR3LmkVAgGLUeSCWPJ5qk,confirmed
177,Mon Jan 10 2022 05:41:28 GMT+0530 (India Standard Time),Interest Payout,USDT,1.906077,1106.255019,TO: 0x76c444368e8ABB2Cb63528D38c3cce524Db93cD9,confirmed
178,Mon Jan 03 2022 07:36:49 GMT+0530 (India Standard Time),Interest Payout,MANA,0.00057742,4.215807312894713,TO: 0x76c444368e8ABB2Cb63528D38c3cce524Db93cD9,confirmed
179,Mon Jan 03 2022 07:36:49 GMT+0530 (India Standard Time),Interest Payout,ENJ,0.00071556,5.224363798848656,TO: 0x76c444368e8ABB2Cb63528D38c3cce524Db93cD9,confirmed
180,Mon Jan 03 2022 06:13:54 GMT+0530 (India Standard Time),Interest Payout,ETH,0.00001115,0.014827216953785588,TO: 0x76c444368e8ABB2Cb63528D38c3cce524Db93cD9,confirmed
181,Mon Jan 03 2022 06:13:51 GMT+0530 (India Standard Time),Interest Payout,BTC,0.00000077,0.00107071,TO: 3HzxvY6SiUo4ptR3LmkVAgGLUeSCWPJ5qk,confirmed
182,Mon Jan 03 2022 05:41:39 GMT+0530 (India Standard Time),Interest Payout,USDT,0.233622,1104.348942,TO: 0x76c444368e8ABB2Cb63528D38c3cce524Db93cD9,confirmed
183,Mon Jan 03 2022 05:05:46 GMT+0530 (India Standard Time),Interest Payout,USDT,4.980120,1104.11532,TO: 0x76c444368e8ABB2Cb63528D38c3cce524Db93cD9,confirmed
184,Mon Jan 03 2022 05:05:45 GMT+0530 (India Standard Time),Interest Payout,USDT,2.490060,1099.1352,TO: 0x76c444368e8ABB2Cb63528D38c3cce524Db93cD9,confirmed
185,Sat Jan 01 2022 05:00:57 GMT+0530 (India Standard Time),Interest Payout,USDT,2.787720,1096.64514,TO: 0x76c444368e8ABB2Cb63528D38c3cce524Db93cD9,confirmed
186,Wed Dec 29 2021 00:40:46 GMT+0530 (India Standard Time),AIP Credit,DOT,0.90245628,1.777006273,,confirmed
187,Wed Dec 29 2021 00:40:46 GMT+0530 (India Standard Time),AIP Credit,ADA,18.010030,37.239708,,confirmed
188,Wed Dec 29 2021 00:40:46 GMT+0530 (India Standard Time),AIP Credit,BNB,0.04704619,0.0725856178690854,,confirmed
189,Wed Dec 29 2021 00:40:46 GMT+0530 (India Standard Time),AIP Credit,ETH,0.00661394,0.014816062196347868,TO: 0x76c444368e8ABB2Cb63528D38c3cce524Db93cD9,confirmed
190,Wed Dec 29 2021 00:40:46 GMT+0530 (India Standard Time),AIP Credit,BTC,0.00052687,0.00106994,TO: 3HzxvY6SiUo4ptR3LmkVAgGLUeSCWPJ5qk,confirmed
191,Tue Dec 28 2021 08:46:28 GMT+0530 (India Standard Time),AIP Credit,MANA,4.21522988,4.21522988414346,TO: 0x76c444368e8ABB2Cb63528D38c3cce524Db93cD9,confirmed
192,Tue Dec 28 2021 08:46:28 GMT+0530 (India Standard Time),AIP Credit,ENJ,5.22364823,5.22364823059789,TO: 0x76c444368e8ABB2Cb63528D38c3cce524Db93cD9,confirmed
193,Mon Dec 27 2021 06:00:04 GMT+0530 (India Standard Time),Interest Payout,ETH,0.00000707,0.008202118914310797,TO: 0x76c444368e8ABB2Cb63528D38c3cce524Db93cD9,confirmed
194,Mon Dec 27 2021 06:00:01 GMT+0530 (India Standard Time),Interest Payout,BTC,0.00000042,0.00054307,TO: 3HzxvY6SiUo4ptR3LmkVAgGLUeSCWPJ5qk,confirmed
195,Mon Dec 27 2021 05:33:12 GMT+0530 (India Standard Time),Interest Payout,USDT,0.092706,1093.85742,TO: 0x76c444368e8ABB2Cb63528D38c3cce524Db93cD9,confirmed
196,Mon Dec 20 2021 05:56:52 GMT+0530 (India Standard Time),Interest Payout,ETH,0.00000504,0.008195047098806729,TO: 0x76c444368e8ABB2Cb63528D38c3cce524Db93cD9,confirmed
197,Mon Dec 20 2021 05:56:49 GMT+0530 (India Standard Time),Interest Payout,BTC,0.00000030,0.00054265,TO: 3HzxvY6SiUo4ptR3LmkVAgGLUeSCWPJ5qk,confirmed
198,Mon Dec 20 2021 05:30:58 GMT+0530 (India Standard Time),Interest Payout,USDT,0.066143,1093.764714,TO: 0x76c444368e8ABB2Cb63528D38c3cce524Db93cD9,confirmed
199,Wed Dec 15 2021 18:01:09 GMT+0530 (India Standard Time),Interest Payout,ETH,0.00000201,0.008189998717974592,TO: 0x76c444368e8ABB2Cb63528D38c3cce524Db93cD9,confirmed
200,Wed Dec 15 2021 18:01:06 GMT+0530 (India Standard Time),Interest Payout,BTC,0.00000012,0.00054235,TO: 3HzxvY6SiUo4ptR3LmkVAgGLUeSCWPJ5qk,confirmed
201,Wed Dec 15 2021 17:37:47 GMT+0530 (India Standard Time),Interest Payout,USDT,0.026401,1093.698571,TO: 0x76c444368e8ABB2Cb63528D38c3cce524Db93cD9,confirmed
202,Mon Dec 13 2021 06:16:50 GMT+0530 (India Standard Time),Interest Payout,ETH,0.00002616,0.00818798298878461,TO: 0x76c444368e8ABB2Cb63528D38c3cce524Db93cD9,confirmed
203,Mon Dec 13 2021 06:16:44 GMT+0530 (India Standard Time),Interest Payout,BTC,0.00000156,0.00054223,TO: 3HzxvY6SiUo4ptR3LmkVAgGLUeSCWPJ5qk,confirmed
204,Mon Dec 13 2021 05:41:29 GMT+0530 (India Standard Time),Interest Payout,USDT,0.184469,1093.67217,TO: 0x76c444368e8ABB2Cb63528D38c3cce524Db93cD9,confirmed
205,Sat Dec 04 2021 04:52:47 GMT+0530 (India Standard Time),Interest Payout,USDT,4.931490,1093.487701,TO: 0x76c444368e8ABB2Cb63528D38c3cce524Db93cD9,confirmed
206,Sat Dec 04 2021 04:52:46 GMT+0530 (India Standard Time),Interest Payout,USDT,2.465730,1088.556211,TO: 0x76c444368e8ABB2Cb63528D38c3cce524Db93cD9,confirmed
207,Thu Dec 02 2021 04:53:04 GMT+0530 (India Standard Time),Interest Payout,USDT,2.760480,1086.090481,TO: 0x76c444368e8ABB2Cb63528D38c3cce524Db93cD9,confirmed
208,Mon Nov 29 2021 05:53:56 GMT+0530 (India Standard Time),Interest Payout,USDT,0.092069,1083.330001,TO: 0x76c444368e8ABB2Cb63528D38c3cce524Db93cD9,confirmed
209,Mon Nov 22 2021 05:49:13 GMT+0530 (India Standard Time),Interest Payout,USDT,0.065916,1083.237932,TO: 0x76c444368e8ABB2Cb63528D38c3cce524Db93cD9,confirmed
210,Tue Nov 16 2021 16:47:12 GMT+0530 (India Standard Time),AIP Credit,DOT,0.37504998,0.8745499839,,confirmed
211,Tue Nov 16 2021 16:47:11 GMT+0530 (India Standard Time),AIP Credit,ADA,8.140778,19.229678,,confirmed
212,Tue Nov 16 2021 16:47:11 GMT+0530 (India Standard Time),AIP Credit,BNB,0.02553942,0.0255394242943826,,confirmed
213,Tue Nov 16 2021 16:47:10 GMT+0530 (India Standard Time),AIP Credit,ETH,0.00356642,0.00816182044106941,TO: 0x76c444368e8ABB2Cb63528D38c3cce524Db93cD9,confirmed
214,Tue Nov 16 2021 16:47:10 GMT+0530 (India Standard Time),AIP Credit,BTC,0.00025096,0.00054067,TO: 3HzxvY6SiUo4ptR3LmkVAgGLUeSCWPJ5qk,confirmed
215,Tue Nov 16 2021 16:10:51 GMT+0530 (India Standard Time),Exchange Credit,ADA,11.088900,11.0889,,confirmed
216,Tue Nov 16 2021 15:59:20 GMT+0530 (India Standard Time),Exchange Credit,SOL,0.089910,0.08991,,confirmed
217,Tue Nov 16 2021 15:59:06 GMT+0530 (India Standard Time),Exchange Credit,DOT,0.49950000,0.4995,,confirmed
218,Tue Nov 16 2021 12:06:55 GMT+0530 (India Standard Time),Exchange Credit,ETH,0.00459540,0.0045954,TO: 0x76c444368e8ABB2Cb63528D38c3cce524Db93cD9,confirmed
219,Tue Nov 16 2021 11:25:07 GMT+0530 (India Standard Time),Exchange Credit,BTC,0.00028971,0.00028971,TO: 3HzxvY6SiUo4ptR3LmkVAgGLUeSCWPJ5qk,confirmed
220,Tue Nov 16 2021 10:27:23 GMT+0530 (India Standard Time),Exchange Debit,USDT,19.800000,1083.172016,TO: 0x76c444368e8ABB2Cb63528D38c3cce524Db93cD9,confirmed
221,Tue Nov 16 2021 10:26:50 GMT+0530 (India Standard Time),Exchange Debit,USDT,19.980000,1102.972016,TO: 0x76c444368e8ABB2Cb63528D38c3cce524Db93cD9,confirmed
222,Tue Nov 16 2021 10:26:25 GMT+0530 (India Standard Time),Exchange Debit,USDT,20.000000,1122.952016,TO: 0x76c444368e8ABB2Cb63528D38c3cce524Db93cD9,confirmed
223,Tue Nov 16 2021 10:25:04 GMT+0530 (India Standard Time),Exchange Debit,USDT,19.780000,1142.952016,TO: 0x76c444368e8ABB2Cb63528D38c3cce524Db93cD9,confirmed
224,Tue Nov 16 2021 10:24:37 GMT+0530 (India Standard Time),Exchange Debit,USDT,17.748000,1162.732016,TO: 0x76c444368e8ABB2Cb63528D38c3cce524Db93cD9,confirmed
225,Tue Nov 16 2021 10:23:30 GMT+0530 (India Standard Time),Interest Payout,USDT,0.147944,1180.480016,TO: 0x76c444368e8ABB2Cb63528D38c3cce524Db93cD9,confirmed
226,Mon Nov 15 2021 09:14:07 GMT+0530 (India Standard Time),Interest Payout,USDT,0.296184,1180.332072,TO: 0x76c444368e8ABB2Cb63528D38c3cce524Db93cD9,confirmed
227,Mon Nov 08 2021 09:12:44 GMT+0530 (India Standard Time),Interest Payout,USDT,0.000022,1180.035888,TO: 0x76c444368e8ABB2Cb63528D38c3cce524Db93cD9,confirmed
228,Sat Nov 06 2021 16:37:11 GMT+0530 (India Standard Time),Exchange Credit,DOGE,260.73900000,260.739,,confirmed
229,Thu Nov 04 2021 19:19:31 GMT+0530 (India Standard Time),Exchange Credit,SHIB,1998000.00000000,5071846.077,,confirmed
230,Thu Nov 04 2021 06:22:52 GMT+0530 (India Standard Time),Exchange Debit,USDT,100.000000,1180.035866,TO: 0x76c444368e8ABB2Cb63528D38c3cce524Db93cD9,confirmed
231,Thu Nov 04 2021 06:22:09 GMT+0530 (India Standard Time),Interest Payout,USDT,0.061643,1280.035866,TO: 0x76c444368e8ABB2Cb63528D38c3cce524Db93cD9,confirmed
232,Wed Nov 03 2021 16:39:59 GMT+0530 (India Standard Time),Exchange Credit,SHIB,3073846.07700000,3073846.077,,confirmed
233,Wed Nov 03 2021 14:28:06 GMT+0530 (India Standard Time),Exchange Debit,USDT,65.250000,1279.974223,TO: 0x76c444368e8ABB2Cb63528D38c3cce524Db93cD9,confirmed
234,Wed Nov 03 2021 14:26:56 GMT+0530 (India Standard Time),Exchange Debit,USDT,199.999994,1345.224223,TO: 0x76c444368e8ABB2Cb63528D38c3cce524Db93cD9,confirmed
235,Wed Nov 03 2021 11:59:36 GMT+0530 (India Standard Time),Exchange Credit,USDT,191.721300,1545.224217,TO: 0x76c444368e8ABB2Cb63528D38c3cce524Db93cD9,confirmed
236,Wed Nov 03 2021 11:55:02 GMT+0530 (India Standard Time),Exchange Credit,USDT,211.383900,1353.502917,TO: 0x76c444368e8ABB2Cb63528D38c3cce524Db93cD9,confirmed
237,Wed Nov 03 2021 11:54:59 GMT+0530 (India Standard Time),Exchange Credit,USDT,47.288200,1142.119017,TO: 0x76c444368e8ABB2Cb63528D38c3cce524Db93cD9,confirmed
238,Wed Nov 03 2021 11:54:56 GMT+0530 (India Standard Time),Exchange Credit,USDT,278.953200,1094.830817,TO: 0x76c444368e8ABB2Cb63528D38c3cce524Db93cD9,confirmed
239,Wed Nov 03 2021 11:54:39 GMT+0530 (India Standard Time),Exchange Credit,USDT,16.825900,815.877617,TO: 0x76c444368e8ABB2Cb63528D38c3cce524Db93cD9,confirmed
240,Wed Nov 03 2021 11:54:36 GMT+0530 (India Standard Time),Exchange Credit,USDT,160.602400,799.051717,TO: 0x76c444368e8ABB2Cb63528D38c3cce524Db93cD9,confirmed
241,Wed Nov 03 2021 11:54:15 GMT+0530 (India Standard Time),Exchange Credit,USDT,26.123900,638.449317,TO: 0x76c444368e8ABB2Cb63528D38c3cce524Db93cD9,confirmed
242,Wed Nov 03 2021 11:53:15 GMT+0530 (India Standard Time),Exchange Credit,USDT,332.441200,612.325417,TO: 0x76c444368e8ABB2Cb63528D38c3cce524Db93cD9,confirmed
243,Mon Nov 01 2021 11:46:13 GMT+0530 (India Standard Time),Exchange Credit,USDT,279.884217,279.884217,TO: 0x76c444368e8ABB2Cb63528D38c3cce524Db93cD9,confirmed
